image_0,image_1,image_5,image_6,image_7,image_8,image_9,image_10,image_11,image_12,image_13,image_14,image_15,image_16,image_17,image_18,image_19,image_20,image_21,image_22,image_23,image_24,image_25,image_26,image_27,image_28,image_29,image_30,image_31,image_32,image_33,image_34,image_35,image_36,image_37,image_38,image_39,image_40,image_41,image_42,image_43,image_44,image_45,image_46,image_47,image_48,image_49,image_50,image_51,image_52,image_53,image_54
276,316,304,284,293,293,295,298,298,275,270,271,281,277,276,277,287,268,270,288,283,287,308,295,277,277,294,283,286,284,287,302,293,296,294,297,307,296,288,281,289,278,296,283,284,278,280,288,293,297,305,295
280,322,312,293,294,312,309,296,341,286,282,276,283,265,286,279,278,274,272,290,286,274,315,298,278,289,297,289,321,308,288,306,307,319,313,308,294,307,288,291,304,267,287,303,287,295,296,286,309,306,291,293
330,381,348,324,336,344,365,344,364,317,310,309,323,307,320,307,310,303,316,325,323,320,350,335,307,334,322,321,349,321,325,343,348,345,368,353,344,334,332,339,347,327,320,328,332,318,323,326,342,323,340,333
278,326,296,279,290,292,305,293,318,279,265,281,268,253,269,254,268,241,259,261,273,268,296,276,265,276,275,263,306,280,281,296,291,307,291,291,300,292,289,277,280,271,294,278,284,267,280,270,289,297,295,286
356,401,377,334,351,350,392,376,407,336,321,335,321,311,321,328,331,317,319,343,343,330,370,357,322,324,347,331,373,360,356,365,369,362,361,369,367,368,351,346,352,344,354,354,343,338,337,356,355,339,364,356
339,404,363,333,340,359,372,355,400,339,319,338,315,311,313,314,312,305,316,330,341,334,363,349,320,332,339,339,365,331,326,344,346,374,360,366,364,374,331,341,345,334,356,345,328,347,334,357,335,346,353,338
359,440,386,360,386,385,404,385,442,358,336,346,366,338,335,336,346,322,338,342,356,347,399,389,351,370,362,342,401,372,375,388,399,382,401,403,387,395,369,374,377,368,376,373,357,361,358,384,397,383,381,371
357,447,373,354,382,382,391,373,427,352,330,324,334,335,304,313,337,316,338,346,343,328,401,375,345,350,376,360,406,392,370,404,350,388,365,369,381,380,373,340,383,356,348,353,350,343,357,374,364,388,364,369
377,464,418,379,394,411,424,399,472,373,361,367,370,348,356,368,362,342,363,367,390,368,421,398,369,387,377,357,429,404,384,422,428,412,423,415,424,413,399,368,395,377,399,388,368,387,379,385,425,399,382,393
386,450,422,369,374,400,428,409,484,354,354,367,352,341,356,363,363,345,341,362,378,360,414,394,343,373,386,370,407,394,380,398,401,414,410,407,402,417,382,373,394,369,388,394,372,386,393,391,412,382,398,402
391,487,435,397,414,423,438,434,505,402,378,378,373,351,368,370,384,349,360,407,399,385,440,404,390,385,408,391,418,421,404,416,422,445,444,460,440,434,415,404,420,390,398,403,399,378,413,406,441,408,411,422
418,472,450,406,424,413,456,447,502,381,357,361,373,359,364,365,379,346,364,372,404,365,427,412,372,402,411,382,425,400,384,418,406,440,459,428,432,433,421,386,415,376,401,410,388,396,389,390,420,407,403,404
425,507,474,416,435,447,484,455,526,418,398,412,392,383,389,375,397,366,383,413,425,411,455,439,418,401,422,407,469,441,432,456,463,469,479,441,475,461,446,429,437,403,429,437,424,418,438,429,454,447,437,418
426,495,453,425,439,420,467,453,536,410,371,394,393,363,373,380,383,370,360,382,415,379,465,440,394,408,407,393,456,425,414,439,441,453,448,455,475,439,411,409,454,395,424,426,409,394,401,409,426,447,422,425
413,500,457,410,417,443,449,437,515,387,390,381,399,351,370,382,386,366,376,386,399,386,435,427,372,398,411,378,444,436,397,437,428,452,436,454,444,423,414,402,423,412,403,411,409,410,401,408,432,408,393,424
414,523,438,428,437,426,460,454,515,408,369,383,388,347,372,393,394,358,375,387,401,395,440,430,387,409,408,387,459,412,440,454,425,461,440,468,466,456,410,409,443,418,406,414,406,399,402,411,445,418,424,432
455,538,479,466,462,471,470,468,541,418,392,408,413,399,401,398,434,398,405,413,443,405,480,465,412,445,450,432,482,439,463,466,476,470,477,485,479,488,456,446,458,432,435,430,450,421,442,445,473,451,460,458
466,576,488,440,480,482,535,500,592,435,402,424,434,400,412,397,427,390,408,425,467,424,481,451,409,428,469,433,504,475,468,487,486,473,498,506,520,486,487,459,481,439,450,438,422,451,449,462,480,478,476,476
487,594,533,470,513,513,567,548,631,464,434,451,455,441,443,441,453,417,410,456,488,455,533,509,447,474,485,460,539,509,486,516,529,548,541,535,530,526,504,492,503,476,482,469,490,483,484,506,527,510,500,502
360,484,426,365,387,400,403,390,511,343,333,348,326,313,323,332,321,319,302,345,362,354,401,391,333,369,366,356,407,396,369,411,394,401,409,414,411,393,382,366,374,343,367,365,346,354,363,372,387,390,385,381
539,641,579,513,551,538,573,568,647,500,463,487,490,436,468,447,487,438,467,491,493,490,566,528,472,504,519,509,568,539,525,564,566,586,560,542,572,561,531,509,509,517,511,511,499,500,515,526,540,529,537,525
524,661,599,521,535,551,594,572,692,507,471,465,458,484,467,488,479,436,464,493,509,505,566,551,492,520,534,501,581,521,535,576,568,589,588,583,580,558,523,512,551,524,520,546,510,517,517,517,556,544,524,546
561,689,605,561,582,581,630,619,712,514,498,517,511,480,493,483,493,471,496,487,537,522,580,570,511,529,562,515,607,567,548,609,595,620,630,610,621,604,574,547,593,536,545,542,540,532,565,570,603,561,552,563
584,730,657,561,579,600,639,620,738,534,497,519,515,490,521,504,499,484,484,524,549,532,626,584,520,552,561,541,631,585,584,645,621,623,603,604,630,595,589,550,565,529,556,549,542,524,561,576,596,585,597,591
631,767,661,598,605,643,676,674,781,558,527,548,558,535,536,525,550,507,531,574,600,551,651,611,560,617,591,560,670,659,599,636,653,678,678,681,662,653,619,605,624,579,605,590,576,587,607,615,653,630,639,616
627,776,668,593,627,634,678,676,783,576,511,540,540,505,517,518,548,501,482,555,589,545,638,620,541,579,585,561,636,618,606,649,634,678,662,655,667,665,618,575,605,577,573,579,572,554,582,587,648,597,607,588
628,766,694,601,630,661,704,652,797,569,557,580,531,528,552,545,554,501,509,562,598,581,673,625,572,591,590,585,653,639,644,658,654,695,673,652,676,641,631,601,628,604,591,618,589,580,603,612,654,648,629,625
641,802,697,628,659,632,713,701,841,582,536,552,557,546,561,566,562,513,545,585,630,564,685,631,577,592,623,580,686,651,609,687,680,712,714,706,723,658,662,627,638,611,626,636,619,627,644,623,677,651,662,645
692,804,714,662,686,680,760,710,853,606,584,581,592,566,575,578,586,531,578,601,629,608,705,689,602,625,648,624,729,709,658,713,709,730,723,739,744,691,664,638,658,622,635,641,614,616,644,650,687,687,664,655
607,782,675,615,636,628,690,669,800,565,520,510,516,486,498,500,552,476,487,515,583,519,636,612,530,566,567,548,667,643,593,665,645,681,654,669,682,661,613,577,598,576,570,585,563,571,593,596,614,632,613,605
650,818,705,658,661,681,728,739,879,613,559,569,551,533,538,555,556,521,546,585,622,575,696,662,578,611,645,603,700,652,658,728,706,718,739,726,713,700,669,650,672,609,634,630,616,631,635,661,696,669,645,656
702,850,721,645,688,731,776,717,883,631,578,589,578,564,552,576,616,542,542,603,624,585,716,657,564,625,651,599,735,701,672,709,733,744,733,752,729,694,666,655,691,624,650,648,636,625,640,662,682,670,679,664
697,869,766,673,724,742,773,732,879,631,586,604,599,561,582,602,609,547,606,591,636,609,742,661,637,648,662,622,726,684,688,722,730,726,755,736,736,728,704,665,685,646,677,654,671,643,699,660,712,681,682,699
719,908,781,709,698,741,792,766,891,633,614,624,606,590,598,611,617,583,598,635,658,651,761,717,631,669,686,635,759,693,691,742,757,767,772,779,796,721,702,704,720,660,695,666,669,657,707,689,758,700,712,692
714,875,746,677,720,723,793,786,916,619,601,628,595,584,583,603,633,555,610,630,660,611,739,690,609,670,662,640,779,702,685,766,730,790,756,743,747,762,691,702,694,665,690,666,662,648,666,698,749,715,691,709
752,929,812,716,728,746,841,810,966,669,630,646,634,582,591,637,649,596,594,671,712,648,796,715,649,666,680,656,780,741,720,760,781,803,806,791,785,788,735,699,742,671,714,669,686,689,699,718,740,735,747,700
770,935,820,732,794,786,845,814,982,685,652,655,668,624,648,630,692,606,654,689,730,667,774,745,687,702,729,682,785,782,744,801,801,835,830,839,810,811,779,727,777,715,735,718,707,699,746,723,775,761,730,749
771,993,856,770,786,784,848,867,1005,716,652,670,644,632,632,634,672,593,610,684,724,697,782,739,667,711,720,709,826,755,761,818,808,873,856,881,818,781,766,741,767,691,758,760,736,726,774,747,777,762,773,730
804,959,843,780,806,807,873,856,992,713,647,694,674,635,674,668,700,606,661,666,745,709,811,765,704,740,745,723,847,772,756,833,836,872,875,844,852,833,792,760,772,749,769,755,765,766,759,774,794,815,782,795
742,973,839,757,806,802,865,837,1014,700,632,657,654,635,634,631,689,620,635,672,739,693,809,747,650,714,720,690,838,770,755,810,827,875,863,826,850,809,795,745,762,705,722,748,738,724,770,750,780,774,767,736
768,972,868,765,773,797,849,813,990,703,679,697,653,650,664,660,688,612,652,691,746,705,811,752,676,724,759,687,839,754,765,800,802,851,850,831,845,775,766,765,769,720,753,715,735,742,735,759,817,789,786,749
812,1003,836,797,800,818,857,838,1013,731,667,675,671,631,658,668,684,615,622,699,749,706,805,769,686,753,756,711,819,805,766,805,838,896,847,847,863,824,782,743,765,746,749,735,760,734,761,746,778,765,776,772
806,1045,905,782,848,835,917,878,1041,727,683,718,696,661,688,714,690,649,683,748,779,743,854,780,709,775,787,751,875,838,801,874,869,900,888,882,909,834,833,764,826,767,781,815,772,749,807,811,852,803,810,797
847,1033,892,807,843,847,943,905,1068,763,699,708,687,660,708,704,708,649,699,753,796,745,866,833,727,781,814,755,886,831,840,902,878,948,908,924,902,858,850,784,826,776,800,766,781,769,812,801,828,819,815,830
846,1068,958,885,884,886,956,910,1102,796,741,766,746,708,720,751,770,681,732,776,795,801,893,849,745,809,842,760,921,849,853,910,918,974,967,928,954,889,877,819,838,790,815,815,821,812,818,850,915,858,860,859
829,1031,906,858,864,852,946,911,1097,751,736,713,710,677,696,680,733,671,680,748,799,769,848,825,726,773,795,770,887,844,812,887,913,934,923,892,883,834,848,774,809,754,806,795,796,771,824,823,862,829,817,848
859,1073,939,833,834,890,932,918,1090,771,719,759,717,696,716,692,742,662,685,777,816,761,884,817,757,802,818,785,901,888,842,888,901,944,901,933,927,859,857,818,831,782,838,812,811,785,830,824,859,845,864,838
863,1048,896,823,856,881,984,922,1062,759,710,698,726,689,682,712,720,651,706,740,769,757,878,820,722,776,768,763,889,839,807,867,903,939,911,931,882,866,839,825,854,772,810,767,804,785,797,814,867,816,846,824
859,1060,925,845,862,890,958,936,1103,776,716,742,757,708,727,698,761,716,730,773,828,788,894,847,763,830,831,790,895,878,854,920,938,949,932,915,931,898,846,840,831,817,809,810,807,771,838,864,884,879,815,839
928,1088,960,886,898,916,979,956,1115,784,745,770,751,733,739,762,767,699,729,779,849,802,908,852,757,762,842,796,964,883,866,934,923,966,971,962,956,928,871,857,842,837,854,837,848,826,875,871,910,892,864,899
891,1082,976,888,898,931,959,968,1093,790,759,824,766,750,767,764,786,717,740,778,859,812,932,863,772,813,894,844,954,886,894,934,977,987,975,986,975,909,881,859,896,843,859,873,825,829,854,872,899,885,930,886
889,1107,967,856,916,940,1018,976,1096,799,755,742,772,723,731,754,765,732,761,777,842,806,932,861,786,814,832,798,958,905,863,944,963,988,1001,953,968,925,887,843,862,858,847,808,865,871,887,867,896,901,869,866
878,1054,961,867,884,919,985,955,1103,805,759,764,758,708,718,763,794,714,717,796,811,798,896,839,751,798,826,808,915,879,857,927,950,993,970,953,935,900,862,821,841,792,851,807,833,823,851,864,903,865,868,839
855,1083,956,853,901,933,955,937,1111,793,702,764,748,699,726,744,735,698,727,797,856,782,911,848,744,805,831,794,899,861,875,894,946,974,948,953,944,881,850,845,876,801,837,814,824,818,885,873,889,868,832,847
883,1035,923,839,872,887,954,930,1083,768,722,729,739,710,700,710,733,671,735,767,806,786,890,826,728,792,820,752,902,853,863,903,906,956,929,915,954,886,858,833,822,815,839,831,838,818,846,845,870,846,871,828
890,1075,959,867,922,913,972,912,1082,809,746,771,741,702,759,748,770,721,757,810,830,831,910,847,768,845,828,827,934,898,876,951,959,975,984,975,979,912,871,846,855,828,833,834,851,825,880,878,898,884,894,866
917,1162,1009,949,941,970,1034,1055,1160,824,809,827,817,796,797,803,832,780,783,864,861,866,980,923,846,889,903,897,1000,956,941,983,1018,1046,1022,1017,1031,978,933,930,913,873,916,917,879,888,928,917,967,921,912,915
965,1155,1014,957,970,998,1054,1032,1179,840,777,838,789,743,794,790,795,755,779,856,919,857,963,904,858,844,891,872,1005,955,914,1003,1027,1052,1049,1044,1042,984,949,923,926,874,876,915,938,913,912,911,996,955,951,931
963,1123,1029,963,989,1015,1047,1033,1206,871,811,824,828,795,809,813,832,765,790,837,907,894,960,916,832,901,885,884,1028,915,959,1010,1030,1055,1047,1041,1010,989,938,929,923,885,907,936,917,885,928,929,954,973,934,937
934,1148,1008,901,960,988,1037,1038,1179,833,768,791,782,753,762,816,807,757,799,817,874,862,956,917,821,868,868,857,1016,933,914,993,990,1050,1022,1056,1035,976,925,861,930,866,886,881,865,868,951,909,926,919,900,927
980,1178,1039,982,999,998,1098,1067,1180,855,815,829,821,822,840,817,858,771,813,849,931,919,1004,955,851,895,935,881,1016,974,952,1017,1073,1103,1102,1043,1071,992,969,939,912,909,969,929,924,895,968,953,991,961,975,944
952,1165,1063,965,1001,1033,1070,1054,1198,880,829,847,820,779,781,799,835,776,807,877,911,875,969,932,822,881,935,901,1008,1003,904,1036,1014,1075,1050,1051,1044,1021,953,926,940,889,931,906,917,918,960,931,1008,965,956,940
984,1181,1077,958,1006,981,1096,1078,1217,855,806,826,861,801,797,861,839,791,796,872,884,880,1038,957,881,909,886,890,1025,982,942,1031,1072,1071,1056,1090,1085,1020,962,945,974,888,929,912,933,913,951,973,960,950,949,982
1002,1188,1088,980,1020,1019,1092,1072,1236,864,838,856,821,803,820,824,871,786,819,882,947,906,1011,927,877,901,913,895,1017,966,953,1040,1059,1128,1072,1048,1051,1042,1008,933,966,912,928,967,956,917,975,979,1038,979,988,982
991,1210,1052,984,1004,1019,1094,1110,1223,908,827,872,840,810,846,850,876,801,856,876,957,920,990,930,891,908,920,912,1031,994,981,1039,1055,1104,1122,1051,1069,1028,973,936,987,914,962,956,969,926,1012,939,1016,984,973,981
992,1191,1099,992,1036,1015,1068,1040,1203,860,797,834,808,807,801,809,846,786,816,881,952,895,1008,912,865,902,924,896,1030,979,961,1039,1044,1115,1091,1069,1064,1010,978,943,957,914,924,955,955,911,982,954,1003,968,956,980
975,1214,1055,1021,1012,1015,1083,1087,1203,903,853,848,843,852,842,841,870,807,831,892,944,918,1008,951,870,904,961,887,1032,1000,949,1035,1075,1106,1103,1110,1095,1014,997,944,963,925,925,959,980,992,986,1004,1009,981,986,980
1018,1190,1060,1034,1035,1071,1115,1123,1209,908,836,878,828,819,847,851,851,806,855,887,952,896,1025,964,904,942,940,896,1050,1018,991,1053,1079,1107,1100,1074,1059,1032,986,972,965,945,997,977,930,948,1004,999,1016,1000,996,969
1012,1188,1083,1018,1007,1048,1123,1090,1202,887,841,858,835,816,839,845,863,821,833,887,946,926,1025,954,893,918,969,936,1037,1006,962,1056,1056,1068,1094,1101,1076,1042,984,958,977,934,959,948,963,915,1008,962,1047,994,1009,977
1014,1271,1110,1039,1070,1071,1118,1094,1244,901,870,864,858,819,842,853,861,820,839,902,954,931,1031,972,880,951,959,930,1050,1008,971,1117,1103,1148,1102,1080,1113,1069,1007,960,996,955,982,975,962,966,1018,1011,1011,990,1001,993
999,1230,1073,1028,1025,1071,1114,1102,1261,876,880,873,857,816,833,888,899,824,877,894,933,950,1024,960,890,926,951,921,1047,1010,996,1096,1086,1121,1117,1086,1099,1048,972,975,999,938,999,968,976,957,1016,1017,1033,997,984,981
1054,1245,1101,1038,1075,1061,1136,1127,1287,917,880,893,875,846,827,859,902,853,865,923,970,960,1026,961,895,947,968,961,1049,1036,1057,1064,1132,1163,1153,1149,1115,1085,1040,983,1010,977,1002,982,995,956,1040,1032,1049,1016,1019,1009
1059,1233,1142,1092,1100,1107,1139,1159,1274,923,867,887,904,868,878,848,920,857,894,947,980,961,1045,989,912,957,967,998,1079,1060,1015,1079,1131,1193,1139,1161,1131,1073,1038,977,995,957,1005,1001,990,992,1075,1047,1054,1065,1029,1041
1041,1249,1114,1038,1095,1042,1111,1100,1268,930,868,869,904,867,862,885,886,824,892,903,980,959,1006,981,918,934,961,919,1063,1013,1000,1081,1093,1142,1139,1151,1115,1050,1005,1005,1017,965,1009,997,1002,977,1000,1025,1035,1043,1042,1016
1049,1253,1145,1030,1078,1083,1144,1130,1254,946,902,878,860,859,901,875,907,831,859,945,990,947,1039,1018,916,940,999,958,1079,1019,1003,1087,1112,1154,1156,1122,1118,1083,1011,989,1020,967,1006,975,969,1004,1030,1061,1058,1061,1026,1023
1035,1238,1097,1067,1082,1081,1143,1149,1256,917,853,868,867,848,852,871,895,847,841,920,968,962,1047,962,888,962,982,946,1062,1049,992,1097,1129,1147,1166,1118,1127,1082,1021,979,1004,939,1002,1016,1013,971,1040,1004,1068,1022,1028,1012
1039,1227,1111,1047,1093,1087,1112,1139,1295,918,906,901,859,856,882,874,906,837,870,959,991,944,1034,963,898,960,955,942,1067,1008,1013,1099,1107,1132,1151,1137,1101,1063,1046,1003,1007,968,1008,1009,998,998,1035,1060,1076,1036,1046,1016
987,1158,1041,988,1032,1034,1056,1109,1198,864,805,842,798,784,826,809,877,803,793,874,950,891,961,902,869,866,923,880,1009,984,956,1047,1046,1086,1129,1092,1084,1055,945,924,951,888,923,932,945,934,969,967,985,1006,955,949
989,1196,1086,1023,1050,1072,1107,1096,1231,907,857,895,844,816,846,858,875,822,858,930,967,931,1034,987,907,924,974,927,1058,1024,999,1046,1106,1102,1116,1092,1117,1048,1019,952,965,930,993,957,970,943,1016,1003,1034,987,1032,998
1039,1177,1086,1024,1067,1104,1129,1145,1220,904,863,874,852,840,857,864,892,812,897,902,969,984,1009,1007,910,941,960,933,1102,1008,953,1073,1096,1151,1118,1105,1136,1060,998,969,1021,951,995,994,1014,967,1035,1013,1055,1042,1017,1028
1041,1221,1096,1061,1061,1053,1109,1114,1232,947,881,907,870,850,881,864,926,863,877,905,998,947,1027,942,900,925,989,924,1061,1031,982,1082,1089,1149,1149,1133,1110,1085,1025,986,1008,947,989,967,1028,965,1045,1018,1038,1039,1032,1012
997,1187,1076,1034,1046,1029,1116,1085,1245,938,855,892,837,844,838,884,881,806,860,912,965,913,1020,928,907,924,964,912,1027,1019,1016,1039,1093,1120,1090,1129,1117,1038,1008,955,988,927,966,963,974,963,981,1030,1028,1003,998,993
1061,1205,1075,1032,1083,1080,1135,1110,1250,940,883,877,884,851,865,891,915,846,888,926,969,944,1057,973,915,966,953,961,1061,1045,1001,1108,1098,1154,1146,1159,1175,1077,1032,997,994,927,979,998,997,982,1027,1025,1049,1032,999,1026
1065,1206,1095,1040,1078,1069,1109,1087,1250,930,894,894,847,867,842,887,899,844,857,922,965,967,1025,991,921,957,965,945,1071,1023,993,1085,1132,1151,1139,1087,1145,1094,1024,990,1013,950,996,997,1017,954,1043,1006,1052,1007,1018,1008
1024,1230,1092,1050,1095,1070,1148,1145,1253,921,877,902,877,872,873,857,913,852,900,949,988,969,1025,987,927,974,971,974,1104,1058,995,1064,1170,1162,1188,1120,1146,1070,1027,1025,982,950,1012,1002,1002,989,1047,1037,1070,1013,1055,1040
1021,1207,1129,1035,1042,1083,1094,1088,1240,902,855,881,874,833,857,872,881,815,871,908,975,950,1027,964,889,952,962,943,1043,1026,1002,1033,1089,1130,1137,1120,1108,1051,1038,982,1021,958,987,994,992,976,1021,1024,1045,1014,983,1028
967,1212,1073,1007,1070,1046,1062,1121,1217,885,869,863,852,839,854,867,853,818,862,895,952,947,967,937,887,938,932,932,1037,987,964,1034,1095,1080,1047,1082,1072,1030,983,944,979,907,933,967,972,953,1017,973,967,989,1010,997
957,1142,1042,981,1023,1012,1044,1065,1167,868,828,840,797,775,820,825,866,776,805,871,915,917,953,906,845,890,890,883,989,963,929,1003,1015,1079,1033,1045,1023,974,965,917,917,891,902,930,927,940,955,955,963,929,945,969
1017,1156,1051,990,1049,1040,1076,1092,1186,906,828,843,860,848,853,867,843,837,857,926,934,909,969,943,896,918,919,896,994,961,965,1042,1040,1076,1096,1049,1089,1019,969,930,965,904,950,966,948,937,990,1005,982,964,988,980
999,1169,1078,1011,1040,1004,1085,1081,1171,901,835,855,832,810,841,832,855,782,820,896,960,922,993,932,891,897,953,912,1049,1000,967,1051,1075,1113,1074,1082,1095,1027,997,970,965,905,987,967,956,945,1000,966,1026,1001,966,991
983,1187,1081,991,1013,1053,1069,1084,1192,896,874,833,827,807,836,846,848,804,845,904,952,938,980,922,908,925,918,937,1035,990,959,1027,1094,1130,1107,1091,1082,1029,971,983,978,928,973,953,968,948,989,988,1009,995,1007,989
1014,1187,1091,1009,1029,1060,1107,1092,1222,905,836,888,858,816,831,853,891,856,830,923,964,881,1012,966,874,929,939,908,1061,1000,977,1014,1103,1139,1086,1117,1085,1057,980,943,984,940,929,992,952,960,997,991,1026,1002,1013,982
963,1130,1033,978,1003,1035,1077,1066,1181,875,876,886,827,830,834,840,862,792,826,902,929,900,979,909,894,920,942,905,1022,953,1003,1051,1104,1091,1086,1046,1053,988,934,958,941,912,941,952,967,947,997,957,983,1000,951,944
989,1171,1057,1020,1026,1028,1070,1079,1207,877,843,840,842,822,825,859,880,811,851,894,913,889,981,912,899,914,911,894,1010,971,973,1053,1028,1086,1120,1080,1100,1028,993,961,956,924,950,967,964,948,981,983,984,1000,965,954
974,1166,1080,987,1050,1052,1097,1082,1187,926,850,890,881,833,848,883,869,816,863,883,924,882,994,902,873,918,941,916,1037,981,940,1052,1049,1076,1115,1102,1036,1013,984,942,967,933,940,966,977,907,987,988,1011,992,960,976
990,1140,1051,1018,1027,1045,1098,1068,1211,861,826,835,836,790,854,851,871,803,829,878,979,907,976,955,886,903,969,898,1032,969,963,1019,1047,1114,1109,1079,1086,1021,956,966,954,950,941,939,933,906,976,980,993,1012,983,958
973,1148,1060,991,1002,1028,1112,1065,1214,894,840,871,834,837,845,837,895,810,866,895,951,931,990,927,866,914,950,917,1028,991,982,1022,1067,1117,1059,1073,1072,1015,977,945,957,941,940,989,969,968,996,994,1006,1000,998,969
963,1154,1066,996,1041,1006,1087,1106,1187,862,805,854,831,797,800,814,858,794,814,903,924,903,971,898,860,891,915,892,1022,961,962,1045,1059,1096,1095,1066,1066,999,983,925,953,870,932,923,956,944,987,967,982,986,985,976
933,1088,1031,955,987,991,1032,1012,1129,832,798,796,813,785,796,818,823,781,794,849,910,884,970,909,827,889,873,855,989,974,918,987,1048,1072,1044,1052,1021,978,960,934,940,853,884,887,930,888,955,951,974,928,944,921
918,1092,1054,946,1000,1012,1016,1027,1205,853,824,821,789,814,802,802,842,783,819,854,922,913,945,924,856,904,904,866,981,959,909,1020,1049,1076,1089,1054,1020,956,944,900,934,873,916,918,931,882,932,967,981,952,945,955
936,1073,1060,1003,1003,1011,1073,1072,1142,880,821,848,797,828,809,822,831,785,795,855,912,886,958,924,852,873,931,878,1005,973,954,1020,1059,1103,1031,1063,1047,988,949,933,954,869,896,916,917,927,968,982,975,975,976,914
938,1138,1045,997,1000,1022,1043,1043,1184,862,803,825,787,775,788,800,846,765,792,859,937,877,972,876,830,872,910,880,978,999,924,1014,1028,1061,1035,1025,1018,991,950,936,935,898,902,941,942,900,972,954,958,968,940,973
950,1114,1043,983,1007,1028,1049,1023,1170,879,826,853,852,810,810,822,867,807,839,873,941,916,972,919,865,865,932,931,991,931,926,1042,1082,1076,1061,1058,1042,995,951,921,936,912,925,905,942,909,959,939,951,982,971,926
879,1043,1005,914,960,935,964,985,1119,838,746,779,765,740,754,770,779,744,728,807,849,846,933,842,797,818,858,809,948,897,880,953,996,1012,1006,974,972,914,893,856,859,817,854,891,879,883,915,902,905,891,894,886
934,1093,1037,964,963,1002,1039,1000,1145,838,834,814,776,803,793,820,813,757,798,871,881,842,947,889,820,852,884,863,1007,939,915,989,1002,1043,1031,1058,1041,955,951,888,904,843,896,921,921,851,942,911,931,969,948,918
910,1078,1029,937,970,969,1010,1049,1141,835,773,785,789,775,778,775,796,741,775,819,875,844,907,853,839,854,864,839,948,928,906,970,1003,1048,1016,973,1000,955,915,887,891,844,891,884,865,877,934,946,930,905,887,927
900,1084,997,956,976,962,992,991,1119,853,792,802,804,775,761,785,812,739,831,854,886,871,931,892,825,860,868,848,951,915,934,1010,1005,1047,1039,1006,1026,922,935,870,910,883,902,874,904,860,913,906,952,923,936,896
936,1101,980,937,963,991,1035,1023,1130,833,819,809,773,762,790,783,830,726,802,825,891,866,935,867,811,831,856,848,973,927,903,962,1019,1000,1021,1007,1000,954,922,912,903,840,887,882,895,884,929,914,947,901,928,928
914,1067,957,931,936,968,1007,989,1134,816,782,786,782,742,786,778,795,741,756,827,870,862,915,887,824,855,874,833,951,892,875,956,1002,1019,994,996,973,981,923,864,896,824,879,878,853,889,901,910,920,901,884,868
930,1156,1026,952,1008,969,1041,1056,1186,844,785,834,810,789,812,808,837,753,821,881,894,869,968,917,846,889,898,871,983,948,923,1005,1022,1063,1057,1050,1029,1009,930,909,904,877,932,915,923,915,917,909,969,928,934,920
909,1058,989,948,985,972,1008,1021,1109,843,801,792,778,771,765,782,844,742,802,832,855,846,930,872,807,867,872,812,944,914,908,975,979,1018,1016,1008,982,941,909,866,940,839,900,889,911,848,895,909,960,911,946,911
892,1056,974,940,942,961,1006,1015,1121,816,793,791,792,762,790,770,798,757,766,826,836,856,916,893,815,839,836,834,954,904,890,936,994,986,1040,992,1011,952,925,869,865,857,856,872,867,851,881,909,902,892,920,893
908,1076,980,904,937,939,993,977,1087,823,764,766,771,736,782,791,781,739,788,813,830,828,887,836,800,836,867,826,926,884,852,937,953,1000,992,1006,965,915,840,892,870,836,849,879,873,829,882,884,927,880,890,887
894,1057,974,908,932,927,1000,938,1069,837,745,758,748,742,751,764,787,724,757,821,850,805,893,837,764,794,844,818,930,896,883,926,950,976,971,945,961,920,894,840,841,803,839,840,879,836,886,885,906,878,900,846
865,1028,937,902,917,901,958,973,1071,799,756,790,740,736,740,768,788,741,754,762,815,849,884,851,772,804,811,832,891,862,854,912,924,951,979,940,978,903,885,844,867,814,828,847,875,849,856,868,886,866,850,857
843,1016,931,863,909,902,945,926,1049,748,710,723,740,688,708,710,732,690,714,777,816,801,858,810,755,771,803,769,886,879,814,894,929,923,963,942,914,906,835,843,794,802,815,855,809,803,843,822,860,860,828,832
847,978,915,860,893,888,915,935,1023,753,754,741,735,704,751,719,745,692,717,784,810,794,855,816,751,813,797,779,858,850,821,900,892,915,920,944,913,886,854,814,803,781,815,842,810,774,857,844,861,844,857,828
847,981,914,860,878,908,939,919,1030,754,711,745,724,724,730,726,737,695,708,781,806,785,860,800,742,761,775,761,884,842,827,878,926,953,931,940,945,878,821,811,836,751,814,821,828,797,838,839,857,841,840,848
834,991,908,857,898,884,924,920,1054,769,720,739,708,724,737,721,737,682,730,765,817,786,844,791,767,769,823,789,872,815,835,888,885,933,933,913,907,864,847,795,831,786,801,807,814,847,810,827,870,852,842,815
813,1011,945,849,896,917,941,930,1071,762,710,705,716,682,720,720,772,700,737,751,816,792,866,812,753,797,779,801,880,834,822,905,942,955,963,942,937,896,840,857,841,803,828,803,843,819,848,854,862,823,861,848
844,1019,944,866,924,888,929,959,1061,775,736,745,711,740,750,754,766,723,751,802,833,815,853,807,752,800,779,791,906,873,838,916,923,975,926,938,932,893,865,832,856,836,846,836,830,824,827,857,853,822,832,839
860,1017,928,887,912,916,960,939,1068,800,749,768,746,696,746,743,771,706,742,813,834,821,870,852,759,789,799,767,909,875,854,914,945,931,940,925,968,898,835,822,826,795,843,836,849,811,905,828,882,875,835,856
812,998,907,865,875,892,926,921,1060,776,722,759,743,719,727,713,743,699,742,786,820,813,867,807,766,808,812,786,892,842,828,933,912,940,947,952,912,890,830,814,849,782,835,819,813,820,845,841,830,841,853,856
838,980,893,875,887,890,904,920,1016,772,739,730,707,693,718,737,746,680,725,760,789,779,813,808,735,776,777,772,875,850,796,873,893,920,914,919,932,862,843,824,820,777,775,800,805,791,822,832,833,814,805,833
819,950,873,857,853,840,918,915,1010,757,690,734,742,676,720,717,740,706,701,745,811,768,831,799,726,762,775,752,846,828,798,861,904,889,893,908,885,854,820,794,794,762,795,811,823,800,801,810,809,824,823,812
809,969,889,822,873,868,870,912,1040,734,685,731,703,699,703,695,713,677,726,737,801,733,830,783,745,718,772,746,850,822,799,867,912,903,927,887,902,854,797,758,787,774,808,774,782,772,814,830,847,825,812,813
776,956,886,832,812,857,903,866,984,731,714,723,693,687,686,710,704,700,695,750,792,731,802,785,733,769,763,741,839,801,794,843,885,880,850,860,863,845,802,770,787,738,773,787,771,776,833,787,791,808,803,802
816,940,895,811,840,882,915,865,982,746,700,720,681,682,696,712,715,645,708,723,767,750,828,772,723,721,769,748,854,778,807,851,868,934,883,900,882,847,786,799,791,742,768,798,765,798,826,825,846,810,779,805
775,917,862,806,829,852,875,853,974,731,659,711,691,687,695,700,711,653,683,740,748,739,784,725,702,722,745,755,818,773,784,808,868,883,880,826,856,836,797,787,796,733,769,753,745,732,789,776,810,802,801,780
765,916,856,820,820,819,849,884,978,707,687,690,678,684,652,686,669,618,664,713,767,724,800,747,714,724,739,703,806,794,795,832,816,888,868,862,827,795,781,738,775,723,744,753,743,755,790,772,767,770,767,762
704,831,804,743,731,773,802,777,852,664,609,629,609,599,636,622,633,592,616,653,674,668,726,670,631,661,680,675,711,718,703,762,772,776,780,779,756,751,716,679,715,666,687,702,705,687,720,725,736,725,701,700
675,783,721,698,712,708,745,742,828,617,581,610,605,576,595,594,603,568,604,626,645,645,691,673,599,638,636,625,701,673,664,687,721,748,726,739,745,667,656,665,669,605,663,652,657,656,680,672,686,677,670,652
702,813,761,717,728,712,749,747,858,638,607,644,623,598,615,627,605,589,596,653,678,663,703,689,635,666,664,638,732,702,688,727,740,781,760,753,737,739,684,639,671,666,674,658,678,646,687,698,714,683,668,688
709,826,774,709,756,732,798,784,873,653,612,609,604,604,623,631,643,594,613,669,684,663,696,673,612,633,695,645,724,735,692,744,745,780,797,775,770,723,677,666,671,655,665,673,661,648,695,672,698,717,721,716
725,857,779,736,782,775,817,804,852,670,640,671,648,609,637,621,641,598,637,677,669,682,753,699,635,662,698,666,758,723,696,750,781,837,784,763,798,753,738,708,699,687,693,688,716,658,724,682,724,718,715,698
696,854,761,712,764,736,771,762,882,655,626,637,624,604,611,592,640,607,618,663,681,661,724,694,641,661,686,655,751,704,705,724,759,774,768,777,771,731,687,672,685,649,695,673,671,657,694,691,703,729,732,685
689,807,754,686,731,751,772,768,865,656,614,608,600,578,584,591,591,569,586,640,684,622,702,654,632,631,647,641,715,707,662,724,735,779,761,742,744,697,674,656,685,644,688,664,696,637,687,681,697,681,670,666
635,778,712,672,659,682,694,715,812,589,545,557,546,552,524,543,559,509,529,562,615,595,671,609,572,570,621,596,673,653,622,695,693,717,700,696,680,650,652,618,641,585,612,591,613,611,633,638,661,633,624,624
603,752,691,652,669,654,677,657,783,588,540,539,542,510,541,545,576,530,525,568,575,580,658,609,548,593,588,572,671,636,608,643,662,688,691,694,700,654,612,599,597,586,596,594,598,620,620,652,599,599,606,618
657,798,711,678,687,702,726,725,793,626,583,594,592,572,582,583,576,555,575,616,640,605,675,651,578,632,634,620,690,680,673,690,729,736,720,757,716,673,657,677,647,635,643,621,652,618,644,649,703,659,656,651
632,776,699,640,701,692,731,741,771,610,584,583,578,582,567,560,591,551,573,600,629,629,690,645,568,643,635,612,680,683,651,695,685,722,707,682,727,683,668,630,666,596,653,631,619,618,655,653,681,649,644,668
629,756,700,649,667,683,705,697,799,608,569,569,565,543,542,551,555,524,556,588,613,589,667,613,573,604,604,586,684,651,631,662,691,715,701,691,693,655,634,625,629,593,624,633,608,610,607,624,654,643,651,637
636,774,689,646,682,675,688,712,778,601,551,588,574,565,551,566,572,539,574,588,617,595,695,655,571,616,621,600,672,654,628,686,702,698,715,706,673,666,631,601,643,597,607,633,625,596,637,611,666,646,639,638
566,715,677,589,627,642,653,624,739,559,506,518,520,505,495,511,529,479,498,549,545,530,616,580,515,562,582,541,636,583,567,631,613,643,627,663,624,599,587,547,566,545,577,560,554,571,549,579,610,607,588,566
544,663,612,546,578,592,599,582,667,508,494,511,505,479,486,485,483,484,493,502,541,508,577,541,508,514,538,495,578,569,535,582,584,609,600,574,594,546,541,534,560,515,535,541,543,526,544,564,575,543,541,541
481,611,532,487,517,527,519,540,599,458,432,440,427,431,432,436,441,436,436,455,465,446,526,474,448,481,483,470,514,504,491,523,505,525,518,526,521,493,492,475,477,442,499,477,472,458,487,481,505,481,487,480
472,577,515,481,498,501,533,528,563,436,418,419,434,419,414,419,433,390,404,435,458,465,516,462,425,436,469,456,529,473,475,522,504,505,509,508,528,497,486,457,466,450,465,486,452,445,460,465,513,479,466,485
478,576,515,474,508,509,519,530,579,460,424,437,429,419,420,402,445,417,399,433,462,450,522,473,436,452,453,440,503,473,470,507,502,530,516,522,544,507,477,474,483,443,463,451,460,453,463,463,485,481,455,474
507,594,527,484,517,513,534,531,598,465,460,463,444,431,448,440,447,416,458,476,478,454,530,493,460,469,499,479,531,489,485,540,517,528,534,521,518,514,491,499,502,471,469,474,474,474,491,493,511,501,483,500
457,576,497,456,492,481,504,490,571,442,417,436,428,412,427,430,434,407,406,442,466,433,515,474,413,475,476,426,507,479,457,496,498,487,502,509,493,479,470,442,485,453,472,468,466,462,459,477,480,466,457,468
386,529,436,415,443,424,440,449,522,423,364,393,371,354,353,363,384,350,354,399,398,373,454,440,385,394,405,391,446,418,419,461,459,459,445,457,441,450,426,413,423,389,396,395,399,381,374,408,427,420,416,408
438,593,534,469,489,482,506,503,582,440,418,436,444,404,427,392,433,399,411,433,437,426,534,487,434,485,450,439,490,476,484,535,488,501,524,495,524,496,482,464,471,450,467,438,461,456,452,449,503,483,474,469
477,574,532,482,512,505,521,500,598,462,451,444,449,406,424,442,441,419,421,458,478,431,546,519,442,476,508,453,519,488,497,519,508,520,555,522,514,526,495,493,495,458,477,488,455,458,474,489,519,488,487,496
432,548,523,467,469,476,495,474,599,429,394,425,430,388,402,403,419,383,400,407,449,421,513,486,414,460,467,431,495,476,461,499,469,515,490,505,505,502,469,439,487,442,467,472,458,454,447,454,498,474,472,447
434,586,548,470,502,507,524,496,616,446,430,457,454,430,424,425,435,419,422,435,450,447,543,489,435,458,481,453,525,478,482,516,513,514,543,519,522,516,500,481,497,482,471,478,444,479,453,481,528,486,470,495
423,560,524,447,478,480,474,494,563,443,419,419,434,397,391,399,407,372,413,424,433,413,511,481,411,449,475,447,511,484,469,506,493,505,511,528,502,480,482,444,461,446,451,458,440,433,446,448,503,465,462,477
449,562,518,470,499,501,510,492,595,460,433,443,429,407,426,423,430,400,421,443,461,419,541,500,443,478,481,448,514,469,489,504,501,519,518,517,530,516,498,485,499,467,473,470,472,455,453,464,519,482,476,483
410,557,515,442,463,490,496,462,598,439,410,418,433,395,410,396,418,387,385,430,425,413,522,484,427,473,481,436,496,478,458,503,469,509,512,504,501,486,455,440,480,440,457,447,439,455,429,453,501,457,488,460
432,576,519,469,484,475,512,509,596,445,419,458,434,394,418,414,416,400,420,431,439,421,550,504,445,468,478,443,510,458,466,517,498,537,493,500,519,512,486,443,469,462,465,464,455,449,431,480,488,473,476,473
394,558,487,432,481,462,463,462,591,428,402,426,433,367,379,388,397,377,392,407,428,398,518,466,428,459,452,417,507,462,444,477,491,500,486,491,490,460,470,455,457,435,456,447,435,436,416,446,486,441,471,455
416,550,516,455,475,483,485,490,561,440,417,406,418,381,397,404,397,391,386,409,431,407,514,477,430,431,447,427,501,470,461,497,484,500,474,492,493,489,458,443,463,439,450,434,454,426,439,439,476,468,463,460
381,488,464,392,431,433,424,429,503,381,373,388,388,342,357,371,377,347,341,371,361,370,480,450,382,408,421,382,454,408,408,460,433,443,464,440,441,433,415,412,426,388,404,410,382,416,403,412,431,396,427,412
398,511,461,433,446,446,456,463,527,421,393,404,401,378,372,386,399,363,376,406,395,389,497,454,410,417,426,427,457,434,430,454,449,466,476,454,461,458,435,423,444,412,446,417,407,428,415,431,445,442,439,431
324,401,384,357,372,378,371,374,426,343,340,351,352,320,326,329,332,314,325,330,343,338,402,375,346,349,354,352,373,360,349,386,390,394,393,390,377,374,362,360,360,367,353,358,347,344,352,358,378,360,366,355
312,344,330,330,327,342,345,340,372,316,284,309,314,296,306,306,315,307,308,310,308,313,336,327,314,317,324,319,332,333,322,329,332,331,344,341,328,338,325,311,334,320,323,312,320,303,317,325,322,333,332,311
312,346,331,310,323,312,328,340,373,305,302,294,302,301,301,307,312,284,297,305,307,303,358,327,317,321,322,308,336,315,336,330,323,343,345,346,342,336,328,320,334,309,308,315,301,319,312,314,327,334,339,306
327,385,374,345,361,357,368,365,434,347,316,327,341,308,314,333,315,308,315,336,340,339,396,364,323,350,358,341,374,344,361,362,358,372,375,368,366,366,345,348,351,360,355,327,339,335,342,340,364,360,361,351
359,457,433,371,419,396,414,398,492,388,342,371,371,355,354,357,344,340,354,366,385,361,455,427,374,400,394,395,427,391,383,440,417,435,422,441,418,421,384,398,412,381,400,393,390,380,371,387,405,421,393,387
381,502,452,422,435,445,446,445,518,407,383,387,394,369,376,380,390,376,386,406,412,375,486,433,405,428,432,407,452,424,430,448,438,448,469,457,469,447,420,422,426,411,429,409,401,404,406,407,452,428,443,425
375,477,446,390,418,424,451,419,503,397,366,379,383,355,368,369,360,352,347,375,396,369,462,421,390,404,411,384,451,418,405,438,427,439,431,440,442,430,409,401,401,388,390,395,394,404,385,400,437,411,413,407
381,480,451,407,443,450,431,457,527,397,392,392,405,372,377,377,387,367,365,387,402,389,482,437,408,407,416,395,450,421,425,471,432,463,450,458,456,466,423,404,434,422,428,416,408,414,411,420,454,411,413,425
377,475,430,410,406,410,437,434,489,389,374,372,384,344,352,353,363,355,363,376,379,374,459,437,382,393,387,379,435,402,390,407,407,426,436,440,423,419,404,394,395,387,399,396,380,397,382,395,425,400,408,408
377,490,461,407,420,433,431,439,510,399,369,379,407,368,360,377,384,367,359,376,389,370,470,440,393,414,420,402,444,410,427,446,446,456,450,457,452,442,412,419,433,430,409,418,404,392,408,420,435,421,419,410
366,471,440,376,402,407,422,405,490,388,345,389,374,349,366,357,370,341,343,364,379,369,459,431,363,393,400,383,422,401,397,430,434,435,430,424,438,402,403,399,406,382,390,399,386,389,388,381,419,402,401,386
379,476,467,401,411,423,443,438,501,402,397,379,378,357,384,366,381,368,370,387,396,370,464,429,375,410,401,386,446,399,423,444,437,438,437,451,429,444,426,423,414,404,412,406,393,406,402,418,418,440,415,406
340,428,415,367,399,395,402,387,457,363,335,345,357,328,341,336,350,320,344,358,337,351,411,390,352,378,370,343,410,385,380,410,399,414,392,419,410,394,378,365,380,369,369,379,366,374,361,356,404,376,382,367
366,465,435,388,396,414,410,411,474,389,362,367,375,345,365,358,374,344,367,387,377,357,446,427,380,392,419,380,429,393,405,430,421,417,407,429,431,429,404,411,398,393,389,384,391,385,382,382,423,401,394,415
353,437,411,360,377,376,382,383,459,349,337,350,353,338,341,346,336,332,336,339,353,348,418,401,345,381,377,355,396,382,376,410,393,409,406,396,390,387,387,386,388,364,383,352,365,357,369,389,400,393,380,387
375,448,418,390,408,399,430,406,473,370,362,360,367,355,366,348,373,356,368,375,396,375,430,406,366,386,396,376,415,398,394,417,410,413,419,428,432,402,413,398,408,383,388,391,385,383,373,403,413,406,396,373
339,414,397,348,373,381,381,404,440,349,329,335,356,318,344,336,332,318,332,339,340,315,386,371,341,363,365,349,405,369,356,401,374,374,394,392,397,381,386,371,360,348,348,364,340,368,345,384,378,355,367,362
367,437,420,377,388,402,395,403,470,382,357,371,372,356,379,349,357,340,349,349,370,357,435,400,359,389,385,369,403,399,391,408,406,421,408,403,399,413,389,389,398,374,393,380,381,388,377,370,405,391,399,385
334,408,383,345,359,362,383,384,436,348,326,339,331,327,330,331,322,320,317,350,334,342,416,371,327,359,356,356,386,384,361,378,389,386,384,382,389,381,379,352,378,341,369,348,350,346,358,353,376,377,363,365
359,419,408,366,397,401,394,400,458,365,341,351,355,352,329,340,351,348,347,360,381,360,418,393,348,372,368,370,394,384,387,402,394,392,397,396,412,386,375,376,402,370,375,383,356,367,377,382,383,392,381,379
344,392,392,371,370,363,369,383,425,346,316,341,348,315,324,338,345,330,332,348,338,323,406,360,342,361,362,351,377,355,375,388,365,389,373,372,379,377,379,355,378,361,369,354,344,355,351,333,375,358,367,369
340,430,416,380,383,394,398,385,437,380,345,360,367,333,335,328,346,347,339,345,360,364,423,403,361,384,371,359,382,377,380,402,391,406,391,380,402,399,368,374,379,367,372,360,371,378,357,370,392,380,386,378
330,411,369,352,358,369,377,370,420,356,326,338,345,326,325,318,340,314,313,335,331,339,387,379,339,347,354,337,376,371,355,380,376,373,370,373,373,359,360,340,364,337,357,352,349,348,340,352,350,367,351,346
335,407,365,347,347,349,360,363,414,338,328,334,324,312,334,324,324,307,317,334,334,332,395,350,329,349,352,331,367,348,357,354,362,382,368,371,375,341,347,350,339,337,356,351,347,349,337,338,355,339,333,344
315,378,344,324,329,337,337,329,364,315,298,315,320,287,285,303,311,284,302,311,319,297,356,343,308,325,320,310,349,331,333,337,323,348,335,355,332,330,325,326,326,322,320,321,323,316,322,319,349,318,318,332
332,367,360,335,340,348,365,362,398,322,330,345,328,307,315,326,325,322,322,318,337,322,364,353,325,343,352,340,361,343,338,355,351,361,352,368,359,338,337,334,359,334,341,349,337,343,331,349,346,343,355,347
306,352,332,320,324,322,335,322,360,314,297,319,306,296,287,293,292,284,296,301,307,302,353,329,304,308,317,318,335,319,322,332,322,347,340,333,334,326,315,318,324,313,319,320,303,308,308,309,326,329,329,318
300,358,344,318,316,326,328,328,370,317,308,307,296,313,305,307,304,290,298,310,299,303,340,336,297,313,323,310,345,329,309,337,329,326,340,341,340,313,320,318,330,312,311,319,313,319,312,327,316,312,317,325
298,344,333,306,321,316,327,337,349,306,304,309,307,288,301,292,300,285,301,299,298,299,327,327,310,317,309,319,317,321,321,320,324,326,337,332,328,327,318,301,314,314,310,322,305,315,302,307,313,320,319,327
326,363,354,337,339,334,340,340,367,320,320,311,327,299,299,304,315,310,311,317,318,305,348,326,314,335,335,334,347,321,334,353,334,352,344,351,354,345,330,332,319,321,326,321,321,320,315,316,330,326,334,335
301,363,348,308,331,319,317,331,354,318,299,302,308,307,308,299,304,283,290,297,308,303,339,334,304,307,320,302,328,307,331,340,331,329,347,324,336,322,317,311,322,324,327,311,314,309,310,313,324,327,313,325
326,362,348,320,350,343,336,343,390,310,335,325,322,314,308,315,311,303,316,314,328,314,355,345,334,330,332,327,346,352,336,347,342,356,345,339,343,335,337,333,333,337,338,326,323,337,325,321,337,335,327,333
288,339,330,322,303,308,313,311,361,306,303,300,301,294,291,304,296,289,295,298,305,288,355,325,299,300,318,291,318,300,311,330,319,332,329,325,328,308,309,311,315,304,315,308,294,303,303,307,321,321,314,318
310,363,359,317,334,336,351,333,382,331,312,319,327,308,312,304,318,315,313,317,325,310,356,350,317,342,344,318,347,346,343,352,355,352,341,362,347,345,340,337,343,336,329,324,327,324,333,327,348,343,327,343
288,360,336,305,313,316,332,310,367,307,296,294,289,280,289,298,302,281,284,288,292,297,338,321,299,307,309,309,314,318,314,332,331,325,329,312,325,311,309,319,319,302,310,321,308,321,298,301,310,316,312,314
321,348,349,312,329,330,335,327,374,321,312,309,310,316,308,303,306,301,296,312,312,298,350,346,329,321,335,324,332,339,334,346,329,349,341,348,348,317,323,328,337,315,326,333,317,315,310,321,343,326,326,316
296,354,338,316,306,311,329,320,362,311,297,295,296,279,290,306,288,273,287,289,300,299,351,328,294,309,315,301,319,316,313,320,315,330,341,325,324,328,308,312,315,305,304,309,300,308,303,318,329,326,316,312
310,371,344,306,326,331,337,336,375,317,312,311,317,298,306,304,312,306,302,307,312,302,340,343,323,332,334,325,337,327,337,343,326,348,337,342,353,351,320,330,334,326,328,322,319,326,328,320,327,322,342,341
292,344,330,304,308,305,328,317,349,296,278,298,306,289,295,292,308,290,288,305,310,287,356,329,287,308,316,289,331,311,304,317,322,334,331,330,312,333,314,316,343,313,319,301,317,307,303,293,320,312,320,321
306,348,335,320,319,319,327,322,367,315,307,316,309,300,292,298,315,299,307,314,309,309,339,325,312,315,328,315,340,313,330,342,329,333,322,342,346,327,321,330,333,323,316,322,300,310,315,321,331,322,326,323
292,350,325,311,317,322,307,308,355,282,279,285,296,268,284,278,273,281,274,289,286,279,328,307,296,302,311,289,318,301,311,331,306,318,313,309,319,314,318,296,329,311,298,299,301,288,301,309,317,309,312,307
298,351,335,316,321,317,331,329,359,303,303,303,303,287,292,282,293,286,306,309,317,297,349,334,310,314,304,302,329,307,324,336,320,339,329,329,326,323,312,322,317,316,310,318,298,313,308,319,326,313,339,319
281,333,319,282,295,303,320,302,338,296,280,283,294,276,271,291,281,279,277,281,280,289,324,304,293,293,302,286,298,295,289,313,295,319,322,316,319,301,291,297,302,293,312,287,281,294,290,294,308,311,302,302
285,346,336,313,327,322,318,318,337,321,291,308,310,302,300,297,301,292,291,286,304,283,345,320,304,327,323,301,319,316,306,328,312,331,322,327,335,319,325,306,319,312,314,312,305,310,308,308,324,314,317,309
290,329,315,286,305,300,303,294,342,285,275,284,285,276,275,279,285,261,277,285,294,274,321,303,283,289,306,293,323,299,308,303,290,301,315,306,312,301,293,289,293,293,297,294,276,291,281,288,312,295,295,291
294,340,316,312,315,319,333,319,346,307,283,299,295,297,299,299,305,294,288,296,301,295,340,338,313,309,326,312,326,318,313,324,309,332,340,338,339,327,316,312,320,316,309,309,312,319,318,312,324,319,318,315
289,316,324,292,286,299,324,313,332,289,283,294,284,274,276,288,283,276,290,290,285,283,316,309,296,297,288,301,311,292,297,309,306,309,332,328,299,321,299,300,305,300,305,303,282,300,293,284,298,302,300,307
302,343,329,307,326,324,310,325,350,310,298,305,305,296,294,289,298,292,286,302,299,311,342,322,294,315,314,308,332,319,320,322,321,326,328,324,324,318,317,309,322,307,316,317,308,307,305,298,317,313,319,316
277,319,304,291,292,304,297,301,329,295,273,279,286,274,271,282,280,276,272,276,273,285,319,309,279,297,291,287,294,297,295,305,293,312,296,307,308,309,289,302,286,289,302,292,286,294,275,295,300,300,299,299
285,335,322,303,307,319,314,313,333,305,300,296,299,286,289,286,296,285,280,297,306,288,335,312,308,311,307,298,330,316,316,330,318,318,327,314,314,317,312,308,304,311,321,306,308,305,306,314,313,318,310,314
284,320,294,277,287,298,294,294,329,279,279,281,267,267,282,277,282,278,268,282,284,279,319,298,276,287,292,285,296,293,284,299,309,313,310,299,307,295,285,285,292,282,293,294,287,285,294,281,295,288,293,300
292,325,335,306,301,318,318,308,342,292,291,286,303,275,291,291,293,291,284,292,295,297,327,314,304,309,314,298,320,315,311,329,324,319,324,325,326,315,316,304,324,304,307,314,294,303,293,301,315,295,307,298
271,306,302,269,289,281,296,286,303,264,275,285,272,260,270,277,264,253,266,268,276,263,306,304,283,283,288,278,292,275,298,295,297,304,303,310,303,297,294,282,292,292,284,296,278,275,279,281,289,286,291,281
288,325,317,311,313,322,315,308,340,299,293,293,292,292,294,285,283,280,284,291,293,291,311,313,295,302,301,296,309,305,302,310,317,326,321,312,319,310,327,304,320,309,303,302,296,294,288,299,301,312,303,302
265,312,303,283,286,280,300,293,315,277,276,279,295,268,266,255,274,263,272,273,266,270,306,301,276,273,284,287,294,288,286,300,288,290,298,304,287,292,279,283,288,283,284,289,280,290,279,271,296,283,286,283
278,306,308,294,288,300,302,301,329,288,281,274,294,272,276,271,284,270,271,296,278,285,307,314,290,292,280,296,292,285,290,314,299,302,298,307,297,304,295,288,300,293,297,288,290,287,295,280,292,285,301,282
266,310,296,297,289,292,283,290,324,278,273,278,277,265,259,277,280,256,252,271,271,268,311,286,272,275,289,257,301,285,302,294,287,301,289,295,301,287,280,281,280,284,279,285,290,269,269,288,278,296,294,277
284,317,314,302,305,304,311,309,330,306,288,300,313,285,283,297,302,280,281,293,294,283,327,319,295,300,307,294,313,306,308,309,317,311,310,308,318,307,324,288,300,306,298,303,304,295,305,304,309,311,303,303
261,298,305,265,284,277,287,294,309,272,259,264,274,260,266,267,262,264,268,281,273,259,314,287,280,296,297,272,293,288,274,294,279,291,296,306,284,290,296,285,288,280,283,281,278,271,278,275,292,281,285,281
260,274,283,261,277,279,276,268,289,258,259,262,250,256,260,261,261,253,253,264,261,256,288,273,253,265,263,269,272,270,272,277,269,267,278,271,268,277,262,267,273,266,268,268,262,261,262,269,263,263,266,267
244,278,271,252,257,262,254,258,288,265,252,260,250,252,252,253,255,248,248,258,246,247,274,257,241,259,261,251,265,260,256,268,263,262,272,262,266,265,254,257,265,255,254,257,257,254,252,248,268,260,254,254
256,282,276,263,268,270,271,270,288,254,257,265,262,249,253,262,255,245,254,250,270,265,280,272,261,263,268,256,274,261,269,270,266,271,261,263,262,267,253,263,263,261,263,268,255,262,264,267,262,268,272,263
253,276,278,269,273,270,281,273,285,267,269,269,270,258,266,257,267,254,257,259,264,263,285,275,265,278,274,264,277,262,266,283,269,286,276,283,282,269,272,263,266,262,276,270,266,264,271,268,269,270,263,262
275,300,282,288,292,282,291,288,300,281,279,275,264,274,260,263,261,275,271,275,284,259,289,292,285,275,285,273,294,283,282,289,279,285,292,290,287,291,273,274,279,281,285,280,282,285,276,279,288,282,286,291
264,277,268,261,258,264,264,258,273,271,256,257,267,254,256,259,256,244,247,266,260,256,278,261,246,268,255,255,265,262,256,262,264,270,271,279,265,279,261,271,269,262,267,254,260,254,260,274,270,263,260,272
274,302,285,285,290,298,284,292,309,285,274,279,286,274,285,273,278,269,275,283,282,285,291,290,274,280,287,276,288,283,287,284,293,294,295,288,296,298,288,290,286,276,293,290,280,286,283,275,289,277,291,280
259,274,278,253,257,260,266,263,287,260,260,262,252,239,250,240,254,246,249,251,242,254,266,258,252,253,265,257,269,254,260,261,271,270,267,271,262,268,265,253,256,266,253,262,269,249,270,259,266,269,252,250
256,282,283,278,277,276,285,274,297,267,270,275,262,275,264,264,272,270,266,267,261,261,284,274,282,277,284,274,283,266,274,277,279,276,281,283,289,273,277,278,271,267,281,273,266,271,268,283,284,273,278,274
243,265,270,251,268,261,263,247,273,256,251,253,247,243,250,245,259,247,247,250,243,250,272,251,246,253,266,260,262,262,250,260,272,264,273,256,266,276,267,252,259,256,257,248,264,251,248,253,261,253,254,261
274,286,283,269,272,274,285,279,293,274,266,269,267,267,272,270,267,268,272,272,269,270,292,275,275,278,274,280,290,280,278,283,289,284,285,281,289,278,282,267,282,275,277,273,275,275,280,271,272,280,278,276
251,267,254,252,262,248,250,261,268,246,246,247,251,250,240,238,250,233,244,248,261,246,265,265,253,251,263,241,257,248,254,254,252,272,263,263,259,252,249,256,243,259,242,246,254,248,243,256,255,259,257,254
260,296,287,274,275,278,277,284,292,277,269,268,265,271,267,273,269,271,268,271,273,272,277,287,281,281,280,266,278,278,284,276,281,278,283,279,288,289,282,283,277,279,285,275,281,271,272,275,280,283,283,275
247,267,266,259,249,264,266,262,271,258,248,259,259,249,256,260,254,254,244,261,254,249,277,269,259,261,260,250,269,257,262,276,256,268,262,263,266,266,262,259,271,258,260,252,246,254,252,277,263,254,261,256
269,288,269,279,279,280,279,283,294,264,268,264,267,266,263,262,268,264,271,269,271,267,282,282,275,268,265,274,274,286,279,294,271,274,281,278,281,271,277,268,282,270,276,276,262,272,280,272,286,271,284,274
250,274,263,269,264,250,255,248,274,255,260,247,252,248,251,241,254,239,247,254,243,246,253,266,249,249,259,249,258,261,260,259,257,267,263,260,269,261,256,245,254,252,255,254,257,247,246,250,265,259,257,257
266,280,267,273,278,260,275,272,293,257,255,269,262,264,261,256,263,270,265,262,266,260,281,276,257,270,276,269,266,269,264,261,275,273,272,278,276,271,264,260,268,272,278,268,264,268,273,264,274,271,266,261
240,264,249,248,254,246,257,262,252,256,238,254,243,253,247,251,246,246,253,242,254,247,255,253,247,255,252,243,255,250,255,252,253,256,256,244,243,247,247,247,247,248,255,254,259,249,250,258,260,250,247,244
263,267,267,259,260,261,277,263,269,261,251,261,263,259,259,264,261,256,255,262,257,266,271,264,258,269,262,266,261,267,266,268,265,259,267,253,270,271,269,256,271,255,263,259,251,258,255,268,263,271,261,268
236,250,251,236,246,241,241,242,245,245,243,240,246,241,239,237,238,238,241,239,250,244,242,239,244,242,247,242,243,246,246,245,249,243,249,246,242,238,235,241,244,234,240,241,244,242,238,243,240,242,246,252
262,260,253,253,250,256,249,248,259,250,248,261,256,249,254,259,257,254,255,250,255,258,256,254,262,257,257,248,248,259,258,260,256,259,263,261,258,258,258,264,255,258,254,251,258,253,265,257,256,250,266,255
240,251,237,243,236,242,237,246,240,234,238,255,240,240,233,238,236,236,238,237,240,242,243,248,247,242,241,249,250,245,243,239,248,241,244,243,252,249,247,240,244,246,247,243,245,242,240,237,235,245,240,245
265,273,269,263,267,266,264,263,270,265,262,264,266,261,261,255,256,265,256,259,252,262,265,261,260,262,258,256,264,262,256,266,266,266,259,262,260,265,259,259,268,257,272,262,256,259,260,265,259,259,269,256
230,243,238,240,238,240,235,238,240,238,240,230,233,240,229,240,245,247,243,244,231,234,241,238,243,236,243,234,242,246,226,239,244,247,235,236,240,234,235,236,236,246,241,238,242,235,241,246,250,238,247,242
247,263,251,249,254,251,261,258,257,255,249,252,247,249,255,243,245,255,257,258,250,250,249,248,246,247,246,251,248,259,255,258,247,254,256,252,243,252,263,248,254,248,255,250,250,243,255,256,249,252,250,266
249,246,245,242,250,245,248,235,244,246,241,235,247,244,236,242,243,237,253,247,242,242,257,245,243,247,249,245,249,247,247,245,248,249,247,246,241,248,241,246,254,239,257,249,239,243,246,247,240,239,243,241
254,262,266,260,262,271,266,274,254,268,260,260,266,259,258,267,257,249,268,254,258,261,266,264,263,264,266,259,271,257,258,266,267,256,253,263,257,265,262,259,255,255,260,264,262,264,261,265,261,268,264,266
255,248,249,247,252,251,246,248,256,241,239,235,246,239,244,243,247,240,244,245,243,250,255,256,237,248,241,256,259,257,242,252,249,240,252,248,246,244,249,248,249,242,244,257,254,241,242,249,240,258,256,252
247,253,266,253,259,248,252,252,263,246,247,252,253,255,256,251,261,246,264,247,259,256,262,257,256,253,261,263,257,254,247,251,255,263,264,249,257,256,256,257,261,251,258,255,256,252,254,259,264,260,263,261
234,238,235,234,232,238,238,229,246,233,233,230,234,233,235,236,230,234,233,239,227,238,228,234,233,240,234,232,236,231,241,231,231,243,227,232,238,248,236,233,239,235,233,236,232,232,235,242,234,239,236,242
260,259,248,256,255,258,263,258,265,253,255,252,256,245,243,245,254,258,255,255,254,247,263,252,256,248,261,259,254,257,256,257,262,255,256,254,257,255,248,253,265,249,258,261,255,251,255,250,257,262,253,248
244,249,256,249,248,250,248,251,255,248,247,248,249,241,237,246,241,241,245,239,250,246,247,251,249,245,240,248,250,248,248,242,240,247,237,252,250,245,247,251,253,245,249,256,241,247,239,253,252,243,238,248
256,263,259,270,262,265,266,261,268,255,258,260,265,258,253,269,262,258,258,260,263,260,265,262,258,259,261,262,262,257,268,266,266,266,265,262,261,262,264,266,265,265,263,256,257,266,264,260,259,260,247,271
241,252,244,247,246,248,251,247,258,240,243,236,259,234,242,249,239,242,233,238,247,239,254,257,247,248,237,243,244,242,254,248,251,234,247,246,246,248,240,244,246,251,246,243,247,238,251,243,246,239,243,244
261,267,255,262,266,266,269,262,275,255,253,256,260,254,259,263,265,260,261,260,267,258,267,255,254,253,264,259,268,272,265,264,260,269,263,270,258,265,260,265,261,273,262,258,259,262,258,257,265,262,269,258
241,264,255,244,248,244,245,256,246,256,248,244,246,243,248,244,246,247,236,245,236,245,261,255,243,238,249,245,245,259,250,244,241,245,251,248,242,254,254,250,243,239,247,250,250,249,244,240,257,246,254,249
262,268,269,256,267,258,264,262,274,264,256,259,254,252,258,250,258,254,264,260,257,257,270,264,263,266,259,261,265,267,264,252,257,266,262,262,260,266,262,266,260,265,254,270,262,257,257,256,264,262,258,258
241,249,256,240,256,244,241,246,244,241,234,238,250,244,240,242,240,240,236,244,239,250,249,257,248,244,247,247,234,244,244,253,248,249,249,248,249,248,248,248,241,243,242,247,241,235,243,244,252,244,243,238
261,270,270,263,271,263,255,273,269,257,259,259,266,256,254,262,255,260,259,266,265,260,271,265,263,271,264,253,273,262,260,262,266,266,261,275,268,265,260,260,270,268,268,264,266,260,260,260,268,260,270,271
247,251,248,249,246,241,240,257,257,248,242,239,247,245,238,239,233,248,235,236,241,242,247,253,246,243,240,246,244,245,244,246,239,247,250,250,254,261,236,239,243,244,248,249,242,250,242,239,251,251,246,250
255,256,258,259,258,257,257,256,269,259,255,257,264,250,264,252,249,256,255,259,259,258,267,265,259,255,261,261,268,270,256,264,258,259,267,267,266,266,264,257,261,266,254,265,267,263,260,254,256,263,257,253
237,254,243,245,245,240,240,239,249,246,245,242,246,242,233,248,245,238,239,243,234,237,247,243,244,244,239,245,235,237,247,251,245,254,260,246,253,244,249,240,244,252,238,243,237,238,246,253,247,245,244,241
269,272,273,261,266,266,270,270,268,253,258,261,256,264,264,251,255,254,257,258,257,258,268,260,258,261,249,261,268,261,266,263,257,273,271,260,262,267,260,267,258,260,259,272,257,260,262,263,266,263,270,264
232,240,237,232,242,233,246,238,234,235,238,238,241,243,229,229,235,242,242,236,235,230,234,238,234,235,226,234,234,241,239,231,239,239,241,233,230,233,238,240,238,235,241,236,239,233,230,232,223,231,234,244
257,275,264,265,263,260,262,265,267,263,259,257,254,259,257,255,259,255,259,253,260,258,266,262,263,263,260,264,264,277,256,266,262,273,265,273,271,262,268,265,265,259,268,264,270,265,266,268,269,272,246,261
241,242,249,241,243,237,245,248,258,239,232,250,243,239,234,241,241,233,247,250,243,232,245,235,234,239,247,240,244,238,240,237,242,241,245,249,245,238,234,239,244,231,247,244,241,244,243,243,252,243,245,248
249,263,262,256,260,261,264,268,276,253,264,256,260,263,262,255,258,259,251,254,255,258,268,258,259,263,259,256,262,258,263,262,272,270,260,271,268,263,260,262,262,266,258,263,257,262,259,259,257,261,256,258
244,243,253,240,251,245,242,242,254,246,233,238,239,246,240,238,247,242,244,235,246,242,251,253,253,244,256,242,252,241,236,246,244,247,241,243,250,241,244,246,249,246,244,254,242,244,254,244,242,254,245,253
262,270,260,259,253,264,270,264,269,261,269,251,252,262,259,261,267,246,259,254,259,256,275,271,263,260,258,264,258,266,267,263,254,267,260,259,268,271,265,249,266,256,266,263,266,270,270,262,264,255,268,265
238,250,258,250,245,253,252,248,254,243,245,249,239,243,245,247,236,238,233,237,246,242,254,250,239,248,241,247,239,243,238,249,241,241,244,255,247,249,242,247,245,235,250,247,246,255,247,243,244,249,243,240